compound,smiles
1003-09-4,C1=CC=C(Br)S1
10057-27-9,FC(F)(F)C(=O)C(F)(F)F
10061-01-5,ClC=CCCl
10061-02-6,ClC=CCCl
1007-28-9,n1c(N)nc(Cl)nc1NCC
102-71-6,OCCN(CCO)CCO
10498-35-8,C1C(Cl)C(Cl)CCC1
105-46-4,CC(=O)OC(C)CC
105-54-4,CCCC(=O)OCC
105-58-8,CCOC(=O)OCC
106-36-5,CCC(=O)OCCC
106-37-6,c1c(Br)ccc(Br)c1
106-46-7,c1c(Cl)ccc(Cl)c1
106-47-8,c1c(Cl)ccc(N)c1
106-48-9,c1c(Cl)ccc(O)c1
106-93-4,BrCCBr
106-94-5,CCCBr
106-95-6,BrCC=C
106-97-8,CCCC
106-98-9,C=CCC
106-99-0,C=CC=C
107-03-9,CCCS
107-06-2,ClCCCl
107-08-4,CCCI
107-15-3,NCCN
107-21-1,OCCO
107-97-1,CNCC(=O)O
107103-96-8,FC(F)(F)CCC(O)CC
107103-97-9,FC(F)(F)CC(C)CCO
108-10-1,CC(=O)CC(C)C
108-11-2,CC(C)CC(O)C
108-20-3,CC(C)OC(C)C
108-21-4,CC(=O)OC(C)C
108-36-1,c1c(Br)cc(Br)cc1
108-42-9,c1c(Cl)cc(N)cc1
108-43-0,c1c(Cl)cc(O)cc1
108-70-3,c1(Cl)cc(Cl)cc(Cl)c1
108-78-1,Nc1nc(N)nc(N)n1
108-85-0,BrC1CCCCC1
108-86-1,c1ccccc1Br
108-89-4,c1c(C)ccnc1
108-90-7,c1ccccc1Cl
108-91-8,C1CCCCC1N
108-93-0,C1CCC(O)CC1
108-95-2,c1ccccc1O
108-98-5,c1cc(S)ccc1
108-99-6,c1c(C)cncc1
109-04-6,c1ccc(Br)nc1
109-06-8,c1c(C)nccc1
109-09-1,c1ccc(Cl)nc1
109-49-9,CC(=O)CCC=C
109-52-4,CCCCC(=O)O
109-64-8,BrCCCBr
109-65-9,CCCCBr
109-66-0,CCCCC
109-67-1,C=CCCC
109-69-3,CCCCCl
109-70-6,BrCCCCl
109-76-2,NCCCN
109-79-5,CCCCS
109-92-2,CCOC=C
109803-52-3,c1c(Br)c(Cl)c(Cl)c(OC)c1
110-00-9,O1C=CC=C1
110-02-1,S1C=CC=C1
110-19-0,CC(=O)OCC(C)C
110-44-1,CC=CC=CC(=O)O
110-53-2,CCCCCBr
110-54-3,CCCCCC
110-56-5,ClCCCCCl
110-58-7,CCCCCN
110-68-9,CNCCCC
110-82-7,C1CCCCC1
110-83-8,C1CCC=CC1
110-85-0,C1NCCNC1
111-25-1,CCCCCCBr
111-26-2,CCCCCCN
111-27-3,CCCCCCO
111-42-2,OCCNCCO
111-43-3,CCCOCCC
111-44-4,ClCCOCCCl
111-47-7,CCCSCCC
1118-68-9,CN(C)CC(=O)O
1120-87-2,c1c(Br)ccnc1
1120-90-7,c1cc(I)cnc1
112704-79-7,OC(=O)c1ccc(Br)cc1F
114525-06-3,FC(F)(F)CC(C)CO
115-07-1,CC=C
115-11-7,C=C(C)C
115571-04-5,ClC(Cl)(Cl)c1nc(N)nc(OC)n1
116-53-0,CCC(C)C(=O)O
117856-61-8,c1c(OC)ncc(OC)n1
118-79-6,c1(Br)c(O)c(Br)cc(Br)c1
118-91-2,c1c(Cl)c(C(=O)O)ccc1
1193-02-8,Nc1ccc(S)cc1
1193-62-0,C1=CNC(C(=O)OC)=C1
1195-08-0,N1C(=O)NC(=O)C(C=O)=C1
120-83-2,c1c(O)c(Cl)cc(Cl)c1
121-44-8,CCN(CC)CC
121-50-6,FC(F)(F)c1cc(N)c(Cl)cc1
122970-63-2,CC1NCC=C1
123-51-3,CC(C)CCO
123-86-4,CC(=O)OCCCC
124-02-7,C=CCNCC=C
127-18-4,ClC(Cl)=C(Cl)Cl
13053-81-1,C1=CSC(NC(=O)C)=C1
13129-23-2,O1C=CC(C(=O)OC)=C1
13577-71-4,C1(C(F)(F)F)=Nc2ncc(Cl)cc2N1
137-07-5,c1c(N)c(S)ccc1
13797-63-2,C1(C(F)(F)F)=Nc2ncccc2N1
140-88-5,C=CC(=O)OCC
14085-33-7,S1SC=2CCCC2C1=S
141-43-5,NCCO
142-28-9,ClCCCCl
142-62-1,CCCCCC(=O)O
142-84-7,CCCNCCC
1435-48-9,Clc1cc(Cl)ccc1F
1436-34-6,CCCCC1OC1
146252-77-9,CCCC1=CC(=S)SS1
1468-83-3,C1=CSC=C1C(=O)C
147-81-9,C1C(O)C(O)C(O)C(O)O1
14884-03-8,N1N=CC(OC(C)C)=C1
14946-02-2,ClC(Cl)(Cl)c1nc(N)nc(SC)n1
151-67-7,FC(F)(F)C(Cl)Br
1513-65-1,n1c(F)cccc1F
15231-48-8,O=C1NC(C)=CC=N1
1529-68-6,BrCC(Br)C(Br)CBr
1551-06-0,CCC1=CC=CN1
156-59-2,ClC=CCl
156-60-5,ClC=CCl
156-87-6,NCCCO
1574-41-0,CC=CC=C
15950-66-0,c1c(O)c(Cl)c(Cl)c(Cl)c1
15962-47-7,NC(=O)C(C)NC(=O)C
1603-41-4,c1c(N)ncc(C)c1
16063-69-7,c1(Cl)cc(Cl)cc(Cl)n1
16063-70-0,c1c(Cl)cc(Cl)c(Cl)n1
16088-73-6,ClC(Cl)(Cl)c1nc(N)nc(N)n1
16110-09-1,c1c(Cl)ccc(Cl)n1
16269-66-2,C1=Cc2ncnc(Cl)c2S1
1628-89-3,c1c(OC)nccc1
164584-60-5,CCCC1=CSSC1=O
164584-61-6,CCC1=CC(=O)SS1
164584-62-7,CCCC1=CC(=O)SS1
16839-97-7,COC1=CC=CS1
1717-00-6,CC(F)(Cl)Cl
17249-80-8,ClC1=CSC=C1
1746-25-4,N1CC(I)=NC(I)=C1I
174913-20-3,Clc1cc(OC)cc(Cl)c1Br
174913-24-7,Brc1c(Cl)c(Cl)c(Cl)cc1OC
174913-31-6,Brc1cc(Cl)c(Cl)c(Cl)c1OC
174913-44-1,Brc1cc(Cl)cc(Br)c1OC
174913-68-9,Brc1c(Cl)c(Cl)c(Cl)c(Br)c1OC
174913-78-1,Brc1cc(Br)c(Cl)c(Br)c1OC
17647-69-7,CC1=NON=C1CC
1782-00-9,C1(Cl)C(Cl)C(Cl)C(Cl)C=C1
1795-01-3,C1=CSC=C1CC
1825-21-4,COc1c(Cl)c(Cl)c(Cl)c(Cl)c1Cl
1825-26-9,Brc1c(Br)c(Br)c(Br)c(Br)c1OC
18438-38-5,c1nc(SC)ccc1
19393-92-1,Clc1cccc(Cl)c1Br
199177-26-9,O=Cc1cc(Br)cc(O)c1
2004-70-8,CC=CC=C
2106-02-7,Nc1ccc(F)cc1Cl
21124-40-3,S1C=CC=C1C(N)C(=O)O
21227-47-4,ClC(Cl)(Cl)c1nc(C)nc(N)n1
2144-41-4,C1C(C)OC(C)C1
2176-62-7,n1c(Cl)c(Cl)c(Cl)c(Cl)c1Cl
21948-70-9,n1cc(SC)ncc1
22037-28-1,C1=CC(Br)=CO1
2268-05-5,Clc1cccc(Cl)c1F
22715-68-0,CC(=O)NC(C)C(=O)NC
22913-26-4,C1=CSC=C1C(=O)OC
23261-20-3,C1OC1C(O)C(O)C2OC2
23361-38-8,OCC(C(=O)N)NC(=O)C
2366-52-1,CCCCF
2390-94-5,C1C(C)OC(C)C1
2402-78-0,c1cc(Cl)nc(Cl)c1
24108-33-6,c1nc(C)nnc1
2457-47-8,c1c(Cl)cc(Cl)cn1
2527-99-3,COC(=O)C1=CC=C(Br)O1
2539-17-5,c1(O)c(OC)c(Cl)c(Cl)c(Cl)c1Cl
25414-22-6,C1=C(OC)OC=C1
2593-15-9,CCOC1=NC(C(Cl)(Cl)Cl)=NS1
2683-90-1,O=C1C2=C(N=NN2)N=CN1
271-58-9,N1=C2C=CC=CC2=CO1
271-95-4,N1=Cc2ccccc2O1
273-09-6,C1=CC2=NON=C2C=C1
273-13-2,N1=C2C=CC=CC2=NS1
273-53-0,C1=Nc2ccccc2O1
28177-48-2,Fc1cccc(F)c1O
2837-89-0,FC(F)(F)C(Cl)F
28466-26-4,N1C=C(N)C=N1
2847-30-5,c1nc(C)c(OC)nc1
287-92-3,C1CCCC1
28810-38-0,C1(Cl)C(Cl)C(Cl)C(Cl)C=C1
2882-20-4,c1nc(C)c(SC)nc1
2882-21-5,n1cc(C)nc(OC)c1
30031-63-1,CS(=O)(=O)OCC(O)C1CO1
302-72-7,NC(C)C(=O)O
3140-93-0,S1C(Br)=C(Br)C=C1
319-81-3,C1(Cl)C(Cl)C(Cl)C(Cl)C=C1
319-94-8,C1(Cl)C(Cl)C(Cl)C(Cl)C(Cl)=C1
3208-16-0,C1=COC(CC)=C1
321-14-2,c1c(O)c(C(=O)O)cc(Cl)c1
327-54-8,Fc1cc(F)c(F)cc1F
327-57-1,CCCCC(N)C(=O)O
33332-30-8,n1cc(OC)nc(Cl)c1
33332-31-9,n1c(OC)cnc(Cl)c1
33489-27-9,C1(I)C(Cl)C(Cl)C(Cl)C(Cl)C1Cl
33489-28-0,C1(I)C(Cl)C(Cl)C(Cl)C(Cl)C1Cl
3354-39-0,S=C1SSC(C)=C1C
3354-40-3,S=C1C=C(C)SS1
3354-42-5,S1Sc2ccccc2C1=S
33873-10-8,n1cc(Cl)nc(F)c1
33875-95-5,C1(Cl)C(Cl)C(Cl)C(Cl)C=C1
3400-45-1,OC(=O)C1CCCC1
3469-69-0,N1C=C(I)C=N1
348-54-9,c1c(F)c(N)ccc1
3481-20-7,Nc1c(Cl)c(Cl)cc(Cl)c1Cl
352-61-4,FC(F)(F)CCCCO
352-87-4,C=C(C)C(=O)OCC(F)(F)F
352-93-2,CCSCC
354-33-6,FC(F)(F)C(F)F
35659-69-9-644,CCC1=CSSC1=O
35659-69-9,CC1=C(C)SSC1=O
3599-76-6,ClC(Cl)(Cl)c1nc(C(Cl)(Cl)Cl)nc(SC)n1
360-97-4,NC(=O)C1=C(N)NC=N1
3620-08-4,O=C1C=C(C)SS1
363-81-5,Nc1c(F)cc(F)cc1F
36355-38-1,O1C(=O)C(=O)C(=O)C1C(O)CO
36635-02-6,C1(Br)C(Cl)C(Cl)C(Cl)C(Cl)C1Cl
36635-03-7,C1(Br)C(Cl)C(Cl)C(Cl)C(Cl)C1Cl
367-11-3,Fc1ccccc1F
367-12-4,c1cc(F)c(O)cc1
367-21-5,c1c(N)cc(Cl)c(F)c1
367-23-7,c1c(F)c(F)cc(F)c1
367-25-9,c1c(N)c(F)cc(F)c1
371-40-4,c1c(F)ccc(N)c1
371-41-5,c1c(F)ccc(O)c1
37174-09-7,CCN(CC)CC(F)(F)F
372-18-9,Fc1cc(F)ccc1
372-19-0,c1c(F)cc(N)cc1
372-20-3,c1c(F)cc(O)cc1
37813-54-0,c1c(SC)nnc(SC)c1
38557-71-0,n1cc(C)nc(Cl)c1
38580-89-1,CN(C)C(=O)OC(C)C
38696-40-1,CCCC1=CSSC1=S
3934-20-1,n1c(Cl)ccnc1Cl
402-45-9,FC(F)(F)c1ccc(O)cc1
4033-40-3,NC(=O)C(NC(=O)C)CC(=O)O
406-95-1,CC(=O)OCC(F)(F)F
41992-55-6,C1(Cl)C(Cl)C(Cl)C(Cl)C=C1
426-65-3,FC(F)(F)C(F)(F)C(=O)OCC
431-89-0,FC(F)(F)C(F)C(F)(F)F
434-75-3,OC(=O)c1c(Cl)cccc1F
444-30-4,c1c(O)c(C(F)(F)F)ccc1
445-29-4,c1c(F)c(C(=O)O)ccc1
455-38-9,c1c(F)cc(C(=O)O)cc1
4597-87-9,c1c(NC)nccc1
462-06-6,c1ccccc1F
463-49-0,C=C=C
463-82-1,CC(C)(C)C
464-07-3,CC(C)(C)C(C)O
4684-94-0,c1cc(C(=O)O)nc(Cl)c1
4774-14-5,n1cc(Cl)nc(Cl)c1
4774-15-6,n1cc(OC)nc(OC)c1
488-93-7,C1(C(=O)O)=COC=C1
498-62-4,C1(C=O)=CSC=C1
50-69-1,C1(CO)C(O)C(O)C(O)O1
50-81-7,O1C(=O)C(O)=C(O)C1C(O)CO
50-99-7,C1(O)C(O)C(O)C(O)C(CO)O1
503-74-2,OC(=O)CC(C)C
504-63-2,OCCCO
507-52-8,FC(F)(F)C(O)(C)C
50995-95-4,N1C=CN=C1CCC
51-35-4,C1C(O)CC(C(=O)O)N1
513-35-9,CC=C(C)C
513-36-0,CC(C)CCl
515-84-4,CCOC(=O)C(Cl)(Cl)Cl
5162-44-7,BrCCC=C
51795-30-3,C1(Cl)C(Cl)C(Cl)C(Cl)C(Cl)=C1
5194-50-3,CC=CC=CC
5194-51-4,CC=CC=CC
52-52-8,C1CC(N)(C(=O)O)CC1
52514-89-3,CCC1=CC(=S)SS1
527-72-0,C1=C(C(=O)O)SC=C1
533-45-9,S1C(CCCl)=C(C)N=C1
533-58-4,c1c(I)c(O)ccc1
534-22-5,C1=C(C)OC=C1
534-25-8,S=C1C=CSS1
535-80-8,c1c(Cl)cc(C(=O)O)cc1
5380-42-7,COC(=O)C1=CC=CS1
5398-44-7,OC(=O)c1cc(Cl)nc(Cl)c1
540-38-5,c1c(I)ccc(O)c1
540-54-5,CCCCl
540-88-5,CC(=O)OC(C)(C)C
54083-24-8,C1(Cl)C(Cl)C(Cl)C(Cl)C(Cl)=C1
54083-25-9,C1(Cl)C(Cl)C(Cl)C(Cl)C(Cl)=C1
541-73-1,c1c(Cl)cc(Cl)cc1
54135-81-8,c1c(Cl)c(Cl)c(OC)cc1Cl
54135-82-9,c1c(Cl)c(Cl)c(Cl)cc1OC
542-69-8,CCCCI
543-59-9,CCCCCCl
544-10-5,CCCCCCCl
5509-65-9,Nc1c(F)cccc1F
55265-51-5,BrC1C(F)C(Cl)C(Cl)C(Cl)C1Cl
554-00-7,c1c(N)c(Cl)cc(Cl)c1
554-14-3,C1=C(C)SC=C1
55486-68-5,CCC1=C(C)SSC1=S
556-24-1,COC(=O)CC(C)C
556-33-2,NCC(=O)NCC(=O)NCC(=O)O
556-50-3,NCC(=O)NCC(=O)O
557-01-7,C1=CC=NC(=O)N1
56-12-2,NCCCC(=O)O
56-23-5,ClC(Cl)(Cl)Cl
56-41-7,NC(C)C(=O)O
56-45-1,OCC(N)C(=O)O
56-81-5,OCC(O)CO
56-84-8,NC(C(=O)O)CC(=O)O
56-85-9,NC(=O)CCC(N)C(=O)O
56086-55-6,C1(F)C(Cl)C(Cl)C(Cl)C(Cl)C1Cl
5621-02-3,n1c(N(C)C)nccc1
5666-21-7,C=CCNCCC
56961-77-4,Brc1cccc(Cl)c1Cl
56994-25-3,C1C(Cl)C(Cl)C(Cl)C=C1
57-15-8,ClC(Cl)(Cl)C(O)(C)C
5728-21-2,CC1=NSN=C1C
57383-80-9,Brc1c(Br)cccc1O
57722-15-3,C1(Cl)C(Cl)C(Cl)C(Cl)C(Cl)=C1Cl
57722-16-4,C1(Cl)C(Cl)C(Cl)C(Cl)C(Cl)=C1Cl
57722-17-5,C1(Cl)C(Cl)C(Cl)C(Cl)C(Cl)=C1Cl
583-78-8,c1c(Cl)cc(O)c(Cl)c1
584-02-1,CCC(O)CC
585-76-2,c1c(Br)cc(C(=O)O)cc1
586-76-5,c1c(Br)ccc(C(=O)O)c1
587-04-2,O=Cc1cc(Cl)ccc1
590-18-1,CC=CC
590-36-3,CCCC(C)(O)C
591-19-5,c1c(Br)cc(N)cc1
591-20-8,c1c(Br)cc(O)cc1
591-35-5,c1(Cl)cc(O)cc(Cl)c1
591-50-4,c1ccccc1I
591-78-6,CC(=O)CCCC
591-93-5,C=CCC=C
592-41-6,C=CCCCC
592-45-0,C=CCC=CC
592-50-7,CCCCCF
592-57-4,C1C=CC=CC1
59229-56-0,C1(Cl)C(Cl)C(Cl)C(Cl)C(Cl)=C1Cl
593-60-2,C=CBr
59303-10-5,n1c(C)cnc(Cl)c1
594-60-5,CC(C)C(O)(C)C
598-98-1,COC(=O)C(C)(C)C
598-99-2,ClC(Cl)(Cl)C(=O)OC
60-32-2,NCCCCCC(=O)O
60-34-4,NNC
60-35-5,CC(=O)N
60067-92-7,C1(Cl)C(Cl)CC(Cl)C(Cl)C1
601-84-3,OC(=O)c1c(Br)cccc1Br
60633-26-3,Clc1cc(Cl)cc(Br)c1OC
607-99-8,c1(Br)cc(Br)c(OC)c(Br)c1
608-27-5,c1c(N)c(Cl)c(Cl)cc1
608-31-1,c1c(Cl)c(N)c(Cl)cc1
608-33-3,Brc1cccc(Br)c1O
608-93-5,c1c(Cl)c(Cl)c(Cl)c(Cl)c1Cl
60828-33-3,CC(O)C(C(=O)N)NC(=O)C
609-19-8,c1(O)cc(Cl)c(Cl)c(Cl)c1
609-23-4,Oc1c(I)cc(I)cc1I
61-90-5,CC(C)CC(N)C(=O)O
6108-61-8,CC=CC=CC
611-13-2,C1=COC(C(=O)OC)=C1
6125-90-2,CCC1=C(C)C(=S)SS1
61345-66-2,NC(=O)NC(=O)C(Cl)C(C)C
615-36-1,c1c(Br)c(N)ccc1
615-43-0,c1c(I)c(N)ccc1
615-58-7,c1c(O)c(Br)cc(Br)c1
615-67-8,c1c(O)c(Cl)cc(O)c1
615-77-0,N1(C)C(=O)NC(=O)C=C1
616-06-8,CCCCC(N)C(=O)O
616-44-4,C1(C)=CSC=C1
61655-72-9,n1cc(Cl)nc(N(C)C)c1
618-51-9,c1c(I)cc(C(=O)O)cc1
618-76-8,OC(=O)c1cc(I)c(O)c(I)c1
620-08-6,c1c(OC)ccnc1
620957-93-9,O=C1SSC(C(=O)C)=C1
620957-94-0,O=C1SSC(C(=O)C)=C1C
62182-10-9,O1C(O)C(F)C(O)C(O)C1CO
623-37-0,CCC(O)CCC
623-42-7,CCCC(=O)OC
624-24-8,CCCCC(=O)OC
624-64-6,CC=CC
624-73-7,ICCI
624-89-5,CCSC
624-92-0,CSSC
625-80-9,CC(C)SC(C)C
625-84-3,CC1=CC=C(C)N1
625-86-5,CC1=CC=C(C)O1
626-01-7,c1c(I)cc(N)cc1
626-02-8,c1c(I)cc(O)cc1
626-39-1,c1(Br)cc(Br)cc(Br)c1
626-43-7,c1(Cl)cc(N)cc(Cl)c1
626-55-1,c1cc(Br)cnc1
626-60-8,c1cc(Cl)cnc1
626-61-9,c1c(Cl)ccnc1
626-67-5,C1CCN(C)CC1
626-93-7,CC(O)CCCC
627-31-6,ICCCI
628-17-1,CCCCCI
628-28-4,COCCCC
628-41-1,C1C=CCC=C1
628-81-9,CCOCCCC
6293-55-6,O=C1C(Br)=CC(=O)C=C1C
630-20-6,ClC(Cl)(Cl)CCl
634-91-3,c1(N)cc(Cl)c(Cl)c(Cl)c1
636-28-2,c1(Br)c(Br)cc(Br)c(Br)c1
636-30-6,c1(N)c(Cl)cc(Cl)c(Cl)c1
637-78-5,CCC(=O)OC(C)C
637-87-6,Ic1ccc(Cl)cc1
638-45-9,CCCCCCI
643-15-2,C1(Cl)C(Cl)C(Cl)C(Cl)C(Cl)=C1
651-85-4,c1(F)c(F)c(F)c(S(=O)(=O)C)c(F)c1F
6515-38-4,c1(Cl)c(Cl)cc(Cl)c(O)n1
6556-12-3,C1(C(=O)O)C(O)C(O)C(O)C(O)O1
65611-47-4,FC(F)(F)CCCCCO
66-22-8,N1C(=O)NC(=O)C=C1
66-25-1,CCCCCC=O
660-88-8,NCCCCC(=O)O
6600-40-4,CCCC(N)C(=O)O
67-51-6,CC1=NNC(C)=C1
67-52-7,C1(=O)NC(=O)NC(=O)C1
67-66-3,ClC(Cl)Cl
67-68-5,CS(=O)C
67-72-1,ClC(Cl)(Cl)C(Cl)(Cl)Cl
68-12-2,O=CN(C)C
68-94-0,C12=C(NC=N1)C(=O)NC=N2
6915-15-7,OC(=O)C(O)CC(=O)O
6936-40-9,c1c(Cl)c(Cl)c(OC)c(Cl)c1Cl
695-19-2,C1(=O)C=CN(C)C=C1
70-47-3,NC(=O)CC(N)C(=O)O
71-00-1,N1=CNC=C1CC(N)C(=O)O
71-33-0,N1C=NC(=O)NC1=O
71-41-0,CCCCCO
71-43-2,c1ccccc1
71-55-6,ClC(Cl)(Cl)C
7113-30-6,CCC1=CSSC1=S
72-18-4,CC(C)C(N)C(=O)O
72-19-5,OC(C)C(N)C(=O)O
73-32-5,CCC(C)C(N)C(=O)O
7314-32-1,CS(=O)(=O)CCC(N)C(=O)O
74-83-9,CBr
74-84-0,CC
74-85-1,C=C
74-88-4,CI
74-96-4,CCBr
74-97-5,BrCCl
74-98-6,CCC
7491-74-9,NC(=O)CN1CCCC1=O
75-00-3,CCCl
75-01-4,C=CCl
75-03-6,CCI
75-09-2,ClCCl
75-11-6,ICI
75-12-7,O=CN
75-15-0,S=C=S
75-18-3,CSC
75-28-5,CC(C)C
75-34-3,CC(Cl)Cl
75-69-4,FC(Cl)(Cl)Cl
75-71-8,ClC(Cl)(F)F
75-83-2,CCC(C)(C)C
75-84-3,CC(C)(C)CO
75-87-6,O=CC(Cl)(Cl)Cl
75-97-8,CC(=O)C(C)(C)C
75-98-9,OC(=O)C(C)(C)C
75-99-0,CC(Cl)(Cl)C(=O)O
7541-59-5,OCC(O)C(O)CO
76-01-7,ClC(Cl)(Cl)C(Cl)Cl
76-03-9,OC(=O)C(Cl)(Cl)Cl
76-16-4,FC(F)(F)C(F)(F)F
760-78-1,CCCC(N)C(=O)O
7606-79-3,CC(=O)NCC(=O)NC
77-92-9,OC(=O)CC(O)(C(=O)O)CC(=O)O
771-61-9,c1(O)c(F)c(F)c(F)c(F)c1F
77580-78-0,CC1=NON=C1CCC
79-01-6,ClC=C(Cl)Cl
79-16-3,CC(=O)NC
79-29-8,CC(C)C(C)C
79-34-5,ClC(Cl)C(Cl)Cl
80-58-0,CCC(Br)C(=O)O
80-60-4,CCC(N)C(=O)O
819-06-7,FC(F)(F)CN(C)C
822-86-6,C1C(Cl)C(Cl)CCC1
823-09-6,n1c(SC)nccc1
83293-50-9,CCNC(CO)C(=O)O
84652-30-2,NC(=O)CC(NC(=O)C)C(=O)N
87-40-1,c1c(Cl)c(OC)c(Cl)cc1Cl
87-61-6,c1c(Cl)c(Cl)c(Cl)cc1
87-65-0,c1c(Cl)c(O)c(Cl)cc1
87-68-3,ClC(Cl)=C(Cl)C(Cl)=C(Cl)Cl
87-69-4,OC(=O)C(O)C(O)C(=O)O
87-82-1,c1(Br)c(Br)c(Br)c(Br)c(Br)c1Br
872-31-1,C1=CC(Br)=CS1
872-55-9,C1=CSC(CC)=C1
88-09-5,CCC(CC)C(=O)O
88-13-1,C1(C(=O)O)=CSC=C1
88-15-3,C1=CSC(C(=O)C)=C1
88-65-3,c1c(Br)c(C(=O)O)ccc1
88-67-5,c1c(I)c(C(=O)O)ccc1
88095-60-7,N1N=CC(OCCC)=C1
88511-48-2,n1c(C(=O)N)nccc1
89-98-5,c1c(Cl)c(C=O)ccc1
89674-85-1,C1(Cl)c(Cl)C(Cl)C=C(Cl)c1
89674-87-3,C1(Cl)C(Cl)C(Cl)C=C(Cl)C1
89674-88-4,C1(Cl)C(Cl)C(Cl)C=C(Cl)C1
921-60-8,OCC(O)C(O)C(O)C(O)C=O
927-62-8,CCCCN(C)C
927-68-4,CC(=O)OCCBr
94-97-3,N1c2ccc(Cl)cc2N=N1
94-99-5,c1c(Cl)cc(Cl)c(CCl)c1
95-14-7,N1=Nc2ccccc2N1
95-50-1,c1c(Cl)c(Cl)ccc1
95-51-2,c1c(Cl)c(N)ccc1
95-56-7,c1c(Br)c(O)ccc1
95-76-1,c1c(N)cc(Cl)c(Cl)c1
95-77-2,c1c(O)cc(Cl)c(Cl)c1
95-82-9,c1c(Cl)cc(N)c(Cl)c1
95-83-0,Nc1ccc(Cl)cc1N
95-85-2,Oc1ccc(Cl)cc1N
95-89-6,c1c(C)nc(Cl)c(C)n1
95-94-3,c1(Cl)c(Cl)cc(Cl)c(Cl)c1
95853-68-2,FC(F)(F)C(C)CCO
96-14-0,CCC(C)CC
96-37-7,C1CC(C)CC1
96-43-5,C1=CC=C(Cl)S1
96-47-9,CC1CCCO1
96-54-8,C1=CN(C)C=C1
97-61-0,CCCC(C)C(=O)O
97-62-1,CC(C)C(=O)OCC
97-63-2,C=C(C)C(=O)OCC
97-69-8,CC(=O)NC(C)C(=O)O
97-95-0,CCC(CC)CO
98-03-3,C1=C(C=O)SC=C1
